Number,lattice_a,lattice_b,lattice_gamma,lattice_volume,composition_average_electrons,composition_num_atoms,composition_total_electrons,composition_weight,density,lattice area,monolayer PBE,monolayer hse,monolayer area,monolayer vaccun level,monolayer magnetic,pbe,gw
2,2.46723126,2.46723126,120,110.705614,2.55,4,24,48.0428,0.720622409,6.08723009,0,0,5.272,2.336,0,0,0
3,4.813553795,4.813553795,120,532.5173719,2.403333333,6,180,416.466,1.298658221,23.17030014,5.618,6.916,20.066,2.597,0,5.5639,8.1019
4,6.458451035,6.458451035,120,968.4638268,2.6225,16,472,1066.774154,1.82910307,41.71158977,3.897,5.067,36.123,2.848,0,4.0093,6.3822
6,6.247520223,6.247520223,119.7194951,899.871772,3.49,16,440,1063.902438,1.963225892,39.03150894,4.317,5.899,33.897,1.83,0,4.8106,7.7982
7,6.559215532,6.559215532,120,1003.700256,2.6725,16,544,1237.74,2.047738468,43.0233084,2.594,3.641,37.259,2.787,0,2.6768,4.8581
9,7.472445148,7.472445148,120,1348.049997,2.44,16,832,1982.12564,2.441598656,55.83743649,1.597,2.396,48.357,3.061,0,1.7846,3.4533
10,5.589545488,5.589545488,120,736.2339632,2.91,16,372,809.196,1.82510131,31.24301876,0.507,0.815,27.057,3.695,0,0.5846,1.8147
11,3.67291044,3.943858182,90,702.242561,3.12,16,264,575.7528,1.36143844,14.48543789,2.067,3.738,14.485,2.335,0,1.8858,4.321
12,6.43749418,6.43749418,120,955.8518981,2.79,16,600,1370.47,2.380828012,41.44133132,1.344,2.737,35.889,2.969,0,1.3733,3.4416
13,6.822110628,6.822110628,120,1094.649912,2.56,16,504,1138.671648,1.727318236,46.54119342,2.975,4.822,40.306,2.713,0,3.1182,6.2381
15,5.524601166,5.524601166,120,721.290594,2.96,16,500,1160.796,2.672358578,30.52121804,0.706,1.165,26.432,3.842,0,0.9877,1.9954
16,4.434027684,4.438232887,119.968662,489.2347029,2.445,8,328,751.0888,2.549312809,19.67924749,1.724,2.962,17.048,2.918,0,1.5509,3.2825
17,4.400284548,4.414270701,119.8952455,473.9068156,2.545,8,256,573.2848,2.008753146,19.42404716,1.569,3.05,16.839,2.633,0,1.1893,3.1835
18,3.584005212,3.584005212,120,338.9876914,2.095,8,116,236.1861544,1.156963354,12.84509336,2.085,2.881,11.124,3.869,0,2.1373,3.5025
19,3.05238442,6.270149492,90,465.45673,2.685,8,220,495.4704,1.767614265,19.13890662,0.164,1.126,19.139,1.855,0,0.4377,3.135
20,3.777721156,3.777721156,120,381.1028739,2.08,8,188,423.7661544,1.846431246,14.27117713,1.997,2.721,12.359,3.82,0,1.9137,3.083
21,4.132296403,4.13214775,120.0011901,471.827671,1.855,8,260,618.3261544,2.176122339,17.07525928,1.955,2.598,14.787,3.604,0,1.823,2.4911
22,3.126071976,6.067404103,90,464.4292988,2.99,8,348,851.863876,3.04578813,18.96714193,0.174,0.865,18.967,2.137,0,0.7836,3.4826
23,3.559645358,6.253679359,90,572.4085226,2.56,8,380,916.126276,2.657653426,22.2608807,1.216,2.01,22.261,2.438,0,1.5755,2.6181
25,2.510266994,2.510266994,120,114.6013565,2.54,4,24,49.6354,0.719201965,6.301440381,4.667,5.675,5.457,2.177,0,4.6081,5.8225
26,7.026343556,7.026343556,90,1351.687469,1.875,8,360,851.2378076,1.045739985,49.36950377,4.08,5.145,49.37,1.268,0,4.2862,6.702
27,6.299142508,6.299142508,90,1072.469411,1.89,8,216,476.0092,0.737020436,39.67919634,4.374,5.47,39.679,1.156,0,4.4438,7.1524
28,6.635101967,6.635101967,90,1197.226422,1.89,8,288,661.4872,0.917475021,44.02457811,4.18,5.268,44.025,1.14,0,4.2806,6.9657
29,4.530912116,12.07939892,90.02169994,2303.328872,2.402,20,672,1546.8928,1.115201549,54.73069492,1.735,2.535,54.731,1.369,0,1.6543,2.8273
31,6.033357744,6.033357744,90,962.3722612,1.99,8,144,298.2052,0.514542454,36.40140567,4.882,6.136,36.401,1.11,0,4.9664,7.8155
32,3.294426245,3.297372873,119.9704434,270.4326375,3.09,8,220,501.6736128,3.080429346,10.86295173,0.865,2.19,9.41,3.677,0,0.7817,1.8459
33,3.944303659,3.944303659,120,373.9718524,2.94,8,92,188.3356128,0.836262517,15.55753135,0.666,1.492,13.473,2.663,0,0.5414,3.4349
34,3.132902928,3.132902928,120,246.7009423,2.625,8,156,342.8896,2.307982982,9.815080756,0.1556,2.472,8.5,3.733,0,1.2806,2.9889
35,4.148478579,4.148540874,119.9995034,473.9023725,1.955,8,332,789.292,2.76565444,17.21013295,1.269,1.836,14.904,3.601,0,0.9612,2.0735
36,3.547392312,3.547392312,120,307.547526,2.12,6,292,702.28,3.791815173,12.58399222,0.932,1.37,10.898,4.754,0,1.2405,1.7707
37,4.963168375,4.963168375,120,580.8360629,2.27,6,252,594.27,1.698945045,24.63304032,4.902,6.031,21.333,2.66,0,4.7851,7.1375
42,3.610487283,3.610487283,119.9943605,606.216515,2.252857143,14,304,647.102,1.772531966,13.03561842,0.862,2.313,11.29,3.246,0,0.8845,1.521
43,3.614789856,3.614789856,120,361.5176053,1.752,10,258,581.4779,2.670870672,13.0667057,0,0,11.316,4.924,0,0,0
44,3.237688968,3.237688968,120,323.5919898,2.421428571,14,300,667.3684,3.424656156,10.48262985,0.401,0.616,9.078,6.624,0,0.2687,0.7236
47,3.915968539,3.915954248,120.0001207,817.9146562,2.065555556,18,440,994.7461544,2.019544262,15.33475364,1.114,2.024,13.28,3.46,0,0,2.8024
49,3.847127413,3.106355401,90,387.9302542,2.583333333,12,196,417.59098,1.78750208,11.95054502,0.176,1.607,11.951,3.831,1,0,0
50,2.634528085,2.634528085,120,154.3212583,2.846666667,6,80,167.9898,1.807616324,6.940738231,0.416,1.144,6.011,3.748,0,0.286,2.6513
51,4.084707126,4.084707126,120,458.2143226,2.165,8,332,775.112,2.808955752,16.68483231,1.321,1.936,14.449,3.955,0,0.9465,
53,3.037990003,3.037990003,120,279.785565,2.371428571,14,188,399.2424,2.369520394,9.229383258,0,0.479,7.993,6.171,0,0,
56,5.191903964,5.191903964,120,657.0098898,2.07,6,324,782.27188,1.97712856,26.95586677,3.873,4.874,23.344,2.945,0,4.0771,6.4408
59,4.548798479,4.548798479,120,503.0825671,2.106666667,6,252,587.77388,1.940082113,20.6915676,3.537,4.812,17.919,3.062,0,3.8819,6.6567
63,3.732044966,3.732044966,120,321.9270787,2.6,6,194,437.48239,2.256587431,13.92815963,0.348,3.528,12.062,3.14,1,0,0
64,3.612695092,3.612695092,120,305.0268968,2.026666667,6,262,628.26639,3.420225875,13.05156583,0,0,11.303,4.166,0,0,0
66,3.571816271,3.571816271,120,302.5758455,2.583333333,6,192,431.306,2.367011357,12.75787147,0.263,0.145,11.049,3.426,1,0.1938,0
68,3.92261722,3.923060236,119.9962645,372.8567191,2.115,8,184,389.896,1.736424494,15.38866364,2.557,3.771,13.327,3.073,0,2.61,
70,4.147414308,4.147414308,120,418.9106762,2.376666667,6,274,647.06388,2.56492592,17.20104544,0,0,14.897,3.311,0,0,0
71,4.07531412,4.075596923,119.9977046,406.6352969,2.1,8,256,577.476,2.358185493,16.60933769,1.621,2.634,14.384,3.199,0,1.8327,4.1568
74,2.903772361,2.903772361,120,181.9553457,2.963333333,6,96,209.2776,1.909884149,8.431893925,3.641,5.355,7.302,3.436,0,3.3853,6.1383
78,3.88353341,3.88353341,120,353.0207895,2.41,6,164,368.226,1.73206133,15.08183175,4.588,5.744,13.061,2.86,0,4.5923,7.2902
81,3.910151978,3.910153291,90,414.9521334,2.623333333,6,118,251.68809,1.007195463,15.28929363,2.025,5.019,15.289,2.236,1,0,0
85,4.050771281,4.050771281,119.9965133,494.6261519,2.356,10,428,1028.3116,3.452206435,16.40874797,0.47,1.041,14.211,4.698,0,1.064,1.6623
88,3.783418494,3.783418494,120,327.4883865,2.036666667,6,264,627.7868,3.183210611,14.3142555,0,0,12.397,3.825,0,0,0
91,3.508238988,3.509063648,119.9849922,289.2296504,2.333333333,6,164,372.011,2.1358073,12.3106339,0.467,1.072,10.663,3.756,0,0.7805,1.8385
93,3.717462151,3.717462151,120,647.160747,2.121428571,14,204,413.0561544,1.059853961,13.81952484,2.048,3.143,11.968,2.945,0,2.0304,3.8776
95,6.205938326,6.205939457,90,1036.215715,2.06,14,688,1644.1528,2.634760231,38.51367753,0.313,1.115,38.514,3.043,0,0.6707,2.1906
98,3.924600342,3.92460019,90,421.658158,2.523333333,6,200,450.434,1.773861693,15.40248725,3.272,4.507,15.402,2.324,0,3.1675,6.4325
99,3.0723732,6.621408414,90,558.5964712,2.236666667,12,324,739.6061544,2.198626337,20.34343776,0,0,20.343,3.888,0,0,0
100,3.227478826,5.324237783,90,457.5982866,2.33,12,232,479.9,1.741467836,17.18386471,0.654,1.331,17.184,3.963,0,0.6627,0
101,3.665239652,6.314595824,90,1016.395374,2.543333333,12,184,380.844,0.622205056,23.144507,4.504,5.908,23.145,1.53,0,4.3917,7.6847
103,3.183347237,5.723978348,90,503.3000919,2.44,12,296,640.28,2.11247717,18.22141066,0.051,0.069,18.221,4.369,0,0.4464,1.9364
104,5.226115868,5.33859003,90,653.9357727,2.356666667,12,240,491.2936,1.247541808,27.90009007,0.824,2.231,27.9,2.546,0,0.664,2.3286
105,5.932883402,6.240980343,90,892.0167519,2.036666667,12,528,1255.5736,2.33732047,37.02700869,0.921,1.703,37.027,2.731,0,0.1578,1.6233
107,6.726358623,7.103533835,118.2585803,1156.610792,2.39,20,584,1344.596648,1.930429215,47.78091606,0.655,1.316,42.086,3.32,0,1.1582,2.1398
111,2.911692824,5.332823072,105.8427031,600.4726676,2.148,10,102,218.8536,0.605214812,15.52754267,0.323,2.847,14.938,0.671,1,0,0
114,6.371883452,6.373459511,119.9918202,977.0005349,2.388,20,380,799.235048,1.358403576,40.61094119,1.406,2.096,35.173,3.481,0,1.4034,1.4034
116,6.119348911,6.119218713,120.0007038,1378.424822,2.248,20,300,605.895048,0.729900087,37.44563437,2.796,3.922,32.429,1.95,0,2.7866,2.7866
117,6.45496219,6.45496219,120,1547.962536,2.23,20,516,1168.635048,1.253624753,41.66653687,2.049,2.964,36.084,1.976,0,2.0058,2.0058
120,3.185113797,3.185113797,119.9967092,254.8025851,2.518,10,60,116.63936,0.760134415,10.1449499,3.352,5.028,8.786,1.4,0,3.3562,3.3562
131,4.190725267,4.191275537,119.9956571,535.5117852,2.26,10,500,1219.3816,3.781113394,17.56448429,0.021,0.528,15.212,4.828,0,1.2232,1.9491
133,3.235810514,3.235931835,119.9987598,261.4565191,2.586,10,96,198.84736,1.262901421,10.47086225,2.333,4.267,9.068,1.449,0,2.4173,5.1643
134,3.984066634,7.767105515,90.00012738,1411.122404,2.992,20,512,1150.9872,1.354424822,30.94466593,1.424,2.682,30.945,1.753,0,1.4175,4.1943
135,3.702197031,5.041543649,90,946.4053264,2.7625,16,240,508.0364,0.891387935,18.66478793,2.508,4.689,18.665,1.553,0,2.4812,5.64
136,3.999915269,5.790988067,90,1044.703188,2.275,16,160,324.2886771,0.515451684,23.16346159,4.121,5.137,23.163,1.198,0,4.0428,6.3108
137,3.81605535,3.81605535,120,362.2735858,2.563333333,6,204,467.5712,2.143187564,14.56227843,1.228,1.839,12.611,3.109,0,1.3596,2.2454
145,4.188553303,4.188553303,120,440.0255534,2.51,6,304,735.6888,2.776293295,17.54397877,0.733,1.363,15.194,3.089,0,1.368,2.3484
154,4.303637126,4.303637126,120,463.1785239,2.426666667,6,304,744.0668,2.667550255,18.52129251,0.599,1.198,16.04,3.067,0,1.1977,2.1107
162,3.346594615,3.346594615,120,266.8244072,2.103333333,6,220,517.1122,3.218165155,11.19969552,0.572,0.994,9.699,4.472,0,0.3805,2.1118
169,3.433187066,3.433187066,120,282.8402021,2.27,6,256,605,3.551921289,11.78677343,1.136,1.594,10.208,4.749,0,0.7864,
170,4.890422994,3.518179717,90,566.4481462,2.383333333,12,256,555.8021544,1.629330411,17.20538699,2.263,3.21,17.205,3.532,0,2.2575,
171,5.235231934,3.61471838,90,623.8251228,2.373333333,12,328,743.3821544,1.978783899,18.9238891,1.535,2.322,18.924,3.466,0,1.5588,3.0062
172,5.220678237,3.514822861,90,598.3962008,2.44,12,256,565.5781544,1.569469558,18.34975922,1.416,2.225,18.35,3.402,0,1.4438,3.0668
173,4.857207904,3.71098577,90,601.5904284,2.283333333,12,328,743.8040344,2.053083957,18.02502941,1.615,2.44,18.025,3.922,0,1.7069,3.3986
174,3.800921887,3.800921887,90,435.0621006,1.663333333,12,284,627.3782571,2.394568739,14.44700719,0,0,14.447,3.223,0,0,0
175,4.033253777,4.033253777,90,480.0072128,1.673333333,12,288,626.4190771,2.167036915,16.26713603,0,0,16.267,2.594,0,0,0
176,3.837009079,3.837009079,90,685.891741,2.053333333,12,224,483.95976,1.171663165,14.72263867,4.194,5.531,14.723,2.086,0,4.2136,6.7783
177,3.75111925,3.173215274,90,386.6578153,2.76,12,280,619.34638,2.659842422,11.9031089,0,0.801,11.903,3.803,0,0,0
178,4.420748882,3.406562042,90,493.7634552,2.473333333,12,312,683.60878,2.298993726,15.05955534,0,0.428,15.06,3.932,0,0,0
179,4.725809794,3.507169842,90,544.5235092,2.463333333,12,384,871.18878,2.656713584,16.57421759,0,0,16.574,3.885,0,0,0
180,4.740980448,3.546460567,90,554.9831798,2.4,12,300,655.8604,1.962369052,16.81370021,0.455,2.023,16.814,3.699,1,0,0
181,5.026901224,3.636912991,90,604.9040764,2.39,12,372,843.4404,2.315351787,18.28240237,0.179,1.009,18.282,3.677,1,0,0
182,3.824295728,3.277190777,90,411.5360019,2.766666667,12,288,637.7976,2.573499831,12.53294669,0,0,12.533,3.584,0,0,0
183,5.079576951,3.578572581,90,599.6525561,2.45,12,328,726.768,2.01254317,18.1776348,1.485,2.265,18.178,3442,0,1.533,2.9994
184,5.203125799,3.614345903,90,616.0801748,2.353333333,12,376,855.20818,2.305067832,18.80589641,0,0,18.806,3.617,1,0,0
185,4.713967502,3.397116594,90,524.0638013,2.483333333,12,316,682.6496,2.163031155,16.01389722,0,0,16.014,3.579,0,0,0
186,5.01561024,3.482649468,90,572.3215136,2.473333333,12,388,870.2296,2.524892413,17.46761233,0,0,17.468,3.575,0,0,0
187,4.016797449,4.016797449,90,489.060187,1.576666667,12,240,496.034,1.684217725,16.13466175,0,0,16.135,3.394,0,0,0
188,3.75099083,3.074440885,90,371.2815716,2.826666667,12,208,441.54238,1.974777171,11.53219957,0,1.027,11.532,3.741,0,0,0
189,4.75520879,3.453313179,90,537.2303942,2.466666667,12,228,478.0564,1.477636665,16.42122518,0.46,2.144,16.421,3.643,1,0,0
190,5.043472582,3.535934878,90,584.8150141,2.456666667,12,300,665.6364,1.890025426,17.83339061,0.176,0.914,17.833,3.632,1,0,0
191,5.072147136,3.481725333,90,576.6844025,2.516666667,12,256,548.964,1.580719305,17.65982318,1.417,2.23,17.66,3.393,0,1.4593,3.0926
192,4.165043577,5.942818049,90,1149.840327,2.356666667,12,400,931.104,1.34465154,24.75209614,2.163,2.893,24.752,1.847,0,2.2125,3.8594
193,4.839999005,3.269739236,90,511.7938375,2.55,12,244,504.8456,1.637995185,15.82553465,0,0,15.826,3.475,0,0,0
194,4.400220823,3.559069365,90,518.4198485,2.373333333,12,384,871.61066,2.791836686,15.66069113,0,0.45,15.661,4.317,0,0,0
195,4.722743802,3.706964899,90,583.967859,2.3,12,372,843.86228,2.399560629,17.5070455,0.331,1.548,17.507,4.056,1,0,0
196,5.005487397,3.7958991,90,635.5087521,2.29,12,444,1031.44228,2.695085151,19.00032511,0,0.895,19,4.003,1,0,0
197,4.116446614,4.116446614,120,770.1647869,1.973333333,12,460,1079.852,2.328250347,16.94513273,0.674,1.165,14.675,2.826,0,0.4801,2.2281
198,5.026436102,3.759213101,90,631.9903466,2.35,12,400,914.76988,2.403535324,18.89544445,0.833,1.487,18.895,3.806,0,0.8748,2.2146
199,5.096959429,3.752899091,90,641.282941,2.416666667,12,404,926.43788,2.398919719,19.12837441,0,0,19.128,3.942,0,0,0
200,4.350967911,4.355676262,90,536.1820875,2.19,12,80,159.9884371,0.49547916,18.95140765,3.504,5.181,18.951,0.779,0,3.2193,6.3027
202,2.794482542,2.794482542,120,193.5535378,1.413333333,6,102,233.575,2.003892137,7.809132678,0,0,6.763,2.833,0,0,0
215,4.298707099,4.298707099,120,435.9505505,2.306666667,6,180,399.772,1.522734684,18.47888272,4.863,6.286,16.003,2.717,0,4.962,7.7089
220,3.914534628,3.914534628,120,416.0178005,2.18,8,260,587.532,2.34513965,15.32358135,1.675,2.431,13.271,4.036,0,1.4079,2.6975
229,4.137627623,4.137627623,120,394.5089143,2.44,6,108,221.968,0.934292033,17.11996235,5.784,7.441,14.826,2.666,0,5.7317,8.6878
237,4.369863874,4.369863874,120,531.6096183,1.94,8,404,969.672,3.028873411,19.09571028,1.233,1.812,16.537,3.88,0,0.7008,1.5737
245,3.27930722,3.279858653,119.9944385,274.8552028,2.39,8,372,897.128,5.420003248,10.75566416,0.041,0.219,9.315,5.602,0,0,0.4809
257,3.612453429,3.613019073,119.9948212,314.6980505,2.245,8,176,363.0336,1.915586939,13.05186314,0,0,11.304,3.413,0,0,0
266,3.537203703,3.537203703,120,285.0144449,2.733333333,6,122,259.67839,1.512927218,12.51181004,0.351,3.799,10.836,3.166,1,0,0
268,3.899163834,3.899741948,119.9950962,374.9396676,2.005,8,320,745.1736,3.300237294,15.20573277,0,0,13.169,3.833,0,0,0
269,5.024757959,3.339485484,90,679.9357675,2.7,8,232,538.8376,1.315949135,16.78010626,2.493,3.259,16.78,1.403,0,2.0813,3.4839
274,4.242896571,4.241042036,90,466.6139315,2.455,8,392,957.06,3.405889562,17.99430271,1.162,1.806,17.994,3.387,0,1.6874,0.6248
276,4.406418032,4.402910986,90,503.7564363,2.44,8,464,1144.64,3.773092114,19.40106636,0.789,1.312,19.401,3.495,0,1.2872,1.5901
277,4.025930414,4.027777958,119.9848274,397.79522,2.375,8,320,741.52,3.09536884,16.21555378,0,0,14.045,3.62,0,0,0
279,4.177375199,4.179970945,119.9794597,432.8366489,2.15,8,392,936.08,3.591187145,17.46130696,0,0,15.125,3.863,0,0,0
281,3.967390319,3.968221736,90,421.3939671,2.415,8,448,1096.176,4.319575537,15.7434845,0,0,15.743,3.651,0,0,0
282,4.034052201,4.035747525,119.9861049,407.8716102,2.19,8,520,1290.736,5.254882908,16.28041619,0,0,14.101,4.413,0,0,0
289,3.844166312,3.846616686,119.9789297,357.054082,2.43,8,244,539.882,2.51081054,14.78703428,0,0,12.809,3.68,0,0,0
292,3.047563542,3.047563542,120,216.3362658,2.273333333,6,112,232.2522,1.782705503,9.287643543,0.877,1.351,8.043,4.298,0,0.9083,1.7275
294,3.995880886,3.996895453,119.9916034,388.7444202,2.415,8,316,727.462,3.107386262,15.97111814,0,0,13.833,3.681,0,0,0
296,3.210166171,3.210166171,120,243.5957333,2.253333333,6,184,419.8322,2.861904682,10.30516685,0.685,1.128,8.925,4.363,0,0.749,1.4628
299,3.470167876,3.470167876,120,290.1789604,1.953333333,6,256,614.3922,3.515838119,12.04206509,0.453,0.869,10.429,4.547,0,0.519,1.1231
301,3.884472489,3.88447249,90,398.3119777,2.39,8,240,532.54,2.220127749,15.08912652,0,0,15.089,3.416,0,0,0
302,3.97770168,3.977701653,90,424.9942173,2.375,8,312,720.12,2.813655678,15.82211055,0,0,15.822,3.455,0,0,0
303,4.114598172,4.114598149,90,463.660164,2.15,8,384,914.68,3.275808429,16.92991802,0,0,16.93,3.635,0,0,0
304,4.324683566,4.063811475,90,456.4756379,2.27,8,264,603.1,2.193920174,17.5746987,1.414,1.987,17.575,3.313,0,1.1516,0
307,4.057452876,4.057452876,120,450.0063959,2.1,8,388,945.7932,3.490009412,16.46292384,0.673,1.159,14.257,4.015,0,0.3252,0
310,3.943006115,3.943008774,90,437.7296171,2.406666667,6,270,634.70988,2.407788988,15.54730771,0,0,15.547,2.937,0,0,0
312,3.364601925,3.364601925,120,264.6921098,2.716666667,6,120,253.502,1.590338204,11.32054611,0.351,0.071,9.804,3.504,1,0.1322,0
314,3.68776393,3.688019716,119.9977057,331.5813837,2.105,8,156,332.026,1.662765678,13.60054608,0,0,11.779,3.702,0,0,0
318,3.92261722,3.923060236,119.9962645,372.8567191,2.115,8,184,389.896,1.736424494,15.38866364,2.557,3.771,13.327,3.073,0,2.5941,2.5941
322,3.024510575,3.024510567,90,233.8005631,2.903333333,6,84,175.6876,1.247799062,9.147664194,0,0,9.148,2.227,0,0,
327,4.222645586,4.222645586,120,493.1771641,2.085,8,460,1133.3732,3.816094119,17.83073574,0.449,0.834,15.489,3.92,0,0.1208,
332,3.79196377,3.792264542,119.9973764,354.7184556,2.09,8,228,519.606,2.432425064,14.38012975,0,0,12.454,3.851,0,0,0
337,4.300436792,4.300436792,120,448.1150864,2.443333333,6,276,652.89788,2.419383924,18.4937566,1.954,2.668,16.016,3.248,0,2.2168,3.4053
343,5.224926358,5.229385057,119.9717994,677.7306044,1.86,8,532,1327.9332,3.253630487,27.32315182,0,0,23.669,3.034,0,0,0
344,3.516169835,3.516169839,90,334.2432556,2.39,6,128,273.54,1.35896192,12.36345032,1.344,2.434,12.363,2.969,0,1.2357,3.2316
348,3.621836278,3.621836278,120,307.6008985,2.37,6,200,461.12,2.489289785,13.11769802,0,0.378,11.36,3.738,0,0.1836,2.0301
351,3.372294534,3.372294534,120,286.877821,1.78,6,476,1192.9016,6.904889693,11.37237042,0,0,9.849,5.848,0,0,0
356,3.500189571,3.500189571,120,301.2676218,2.406666667,6,284,676.596,3.729289207,12.25132703,0.732,1.226,10.61,3.986,0,1.3438,2.418
359,3.349379619,3.349379619,120,271.2514837,2.54,6,212,498.792,3.053489665,11.21834383,0.908,1.471,9.715,4.035,0,0.9253,2.0859
362,3.77315511,3.77315511,120,354.9709401,2.206666667,6,356,864.59788,4.044552369,14.23669948,0.63,1.022,12.329,4.318,0,1.2223,2.0807
363,5.72436814,5.240159974,89.99970505,1230.548829,2.885,16,720,1785.5952,2.409535093,29.9966048,2.614,3.731,29.997,1.587,0,2.7089,3.8849
364,3.652181631,3.652181631,120,206.6728003,2.153333333,6,208,485.24,3.898722887,13.33843067,1.221,2.148,11.551,3.761,0,1.3625,2.9029
369,3.086637205,3.086637205,120,325.2195632,2.333333333,18,192,403.27416,2.059078152,9.527329235,0,0,8.251,4.601,0,0,0
370,3.298056846,3.298056846,120,342.9485224,2.422857143,14,492,1194.976413,5.78601419,10.87717896,0,0,9.42,5.896,0,0,0
371,3.772599911,3.772599911,120,336.434963,2.133333333,6,280,672.82,3.320831713,14.23251009,0.427,1.219,12.326,3.868,0,0.6719,2.1602
377,3.069589887,3.069589887,120,289.5731066,2.525714286,14,192,411.2384128,2.358221239,9.422382074,0,0,8.16,5.715,0,0,0
380,3.97713807,3.97713807,120,384.7875602,1.833333333,6,352,867.38,3.74315213,15.81762723,0,0,13.698,4.026,0,0,0
385,3.320783816,3.320783816,120,348.6145051,2.435714286,14,300,671.3804128,3.197954726,11.02760515,0,0,9.55,5.815,0,0,
386,3.138509656,3.138509656,120,302.1760905,2.397142857,14,302,669.47868,3.678965799,9.850242861,0,0,8.531,7.027,0,0,0
387,3.130537557,3.130537557,120,301.9553593,2.354285714,14,494,1197.72768,6.586647803,9.800265396,0,0,8.487,7.237,0,0,0
389,4.255196655,4.255197332,90,504.4615722,2.64,6,300,720.796,2.37264835,18.10670145,2.007,3.062,18.107,2.311,0,1.7987,4.7034
391,3.037990003,3.037990003,120,279.785565,2.371428571,14,188,399.2424,2.369520394,9.229383258,0,0.478,7.993,6.171,0,0,0
393,4.122802406,4.122801541,90,464.5735053,2.773333333,6,228,542.992,1.940832653,16.99749611,2.468,3.708,16.997,2.29,0,2.1911,5.6062
395,4.524049585,4.524049572,90,580.6872736,2.44,6,372,908.79788,2.598807399,20.46702459,1.54,2.397,20.467,2.557,0,1.4907,3.9386
396,3.180685827,3.180685827,120,314.9230259,2.588571429,14,190,401.7558848,2.118394931,10.11676233,0,0,8.761,5.202,0,0,0
399,3.457518289,3.457518289,120,382.3815309,2.528571429,14,298,665.4555128,2.889822826,11.95443272,0,0,10.353,5.282,0,0,
400,3.213334045,3.213334045,120,319.1139686,2.408571429,14,492,1190.9644,6.197293467,10.32551568,0.32,0.508,8.942,6.774,0,0.2762,1.9706
407,4.165715879,4.165715879,120,410.6709137,2.29,6,262,617.49397,2.496823676,17.35318878,0.877,3.311,15.028,3.391,1,0,0
411,2.894241418,2.894241418,120,180.833844,2.81,6,82,173.87369,1.59662621,8.376633386,1.132,4.137,7.254,3.05,1,0,0
414,3.349992622,3.349992622,120,256.7417461,2.236666667,6,114,238.13609,1.540202506,11.22245057,0,1.134,9.719,3.588,1,0,0
423,4.425200827,4.425200827,119.9888609,605.7246829,2.068,10,644,1601.5216,4.390425647,19.58240236,0.083,0.468,16.961,4.854,0,0.6164,0.8198
425,2.820498964,2.820498964,120,178.4359301,3.013333333,6,116,255.8776,2.381217453,7.955214406,0.912,1.651,6.889,4.128,0,0.8244,2.387
428,3.184066465,3.184066465,120,239.2922993,2.44,6,148,320.14,2.221571603,10.13827925,1.58,2.087,8.78,4.531,0,1.5448,2.5281
430,3.319748788,3.319748788,120,264.1473426,2.42,6,220,507.72,3.191737183,11.02073202,1.321,1.804,9.544,4.584,0,1.4352,2.078
433,3.614789856,3.614789856,120,361.5176053,1.752,10,258,581.4779,2.670870672,13.0667057,0,0,11.316,4.921,0,0,0
437,4.061655189,4.061655189,119.9813955,501.0420741,2.35,10,408,960.8,3.18425541,16.49704287,0.421,0.881,14.29,4.763,0,0.4651,2.0873
445,4.310483557,4.311698838,119.9906767,572.1733882,2.08,10,516,1252.64,3.63536246,18.58550694,0.337,0.699,16.097,4.871,0,0.4768,0
448,3.471529736,3.471529736,120,289.1875179,2.233333333,6,218,501.65276,2.880532368,12.05151871,0,0,10.437,4.31,0,0,0
450,3.652613221,3.652613221,120,328.3535405,1.933333333,6,290,696.21276,3.520864995,13.34158334,0,0,11.554,4.545,0,0,0
454,4.651114574,5.637580174,93.42070509,1147.283228,2.936,20,360,791.3656,1.145395891,26.22103131,4.256,5.515,26.174,1.526,0,4.1315,6.1557
459,3.699008446,3.699008446,120,315.3683962,2.61,6,196,437.0028,2.300992206,13.68266348,0.876,3.317,11.85,3.066,1,0,0
461,3.502416589,3.502416589,120,278.4205983,2.743333333,6,124,259.1988,1.545897596,12.26692196,1.219,4.082,10.623,3.094,1,0,0
466,3.969662132,3.969662132,120,368.7962125,2.41,6,268,625.00468,2.814141395,15.75821744,0.106,1.904,13.647,3.513,1,0,0
471,2.839603667,2.839603667,120,173.1635517,2.93,6,88,181.3844,1.739372283,8.063348986,1.281,3.311,6.983,2.95,0,1.1034,3.1004
477,3.54174768,3.54174768,120,282.214545,2.336666667,6,192,433.2268,2.54908912,12.54397663,0.06,0.299,10.863,3.541,0,0,0
481,4.487087054,4.487087054,120,482.2431341,2.75,6,304,734.016,2.527484908,20.13395023,2.004,2.926,17.437,2.797,0,2.727,4.2339
492,4.392461656,4.392461656,120,450.3858831,2.883333333,6,232,556.212,2.050712045,19.2937194,2.367,3.406,16.709,2.721,0,3.1019,4.8682
494,3.306668804,3.306668804,120,394.8987206,2.312222222,18,648,1575.977813,6.626946581,10.93405858,0,0,9.469,6.818,0,0,
499,3.078828145,3.078828145,120,331.7089923,2.418888889,18,248,530.9938128,2.658161192,9.479182746,0,0,8.209,6.635,0,0,
500,4.660089701,4.660089701,120,535.4280753,2.55,6,376,922.01788,2.859481563,21.71643602,1.499,2.3,18.807,3.145,0,2.5145,3.7159
502,3.731473291,3.731473291,120,318.7568637,2.84,6,160,354.652,1.847531985,13.92389292,0.463,2.086,12.058,3.032,1,0,0
504,3.306371051,3.306371051,120,389.730573,2.205555556,18,388,865.8538,3.68917442,10.93208953,0,0,9.467,7.226,0,0,
505,3.093824249,3.093824249,120,206.538793,3.026666667,6,124,276.8376,2.225730301,9.571748484,1.379,2.875,8.289,3.038,0,1.2295,2.4602
508,3.222560451,3.222560451,120,366.7353308,2.355555556,18,650,1575.9578,7.135771425,10.38489586,0,0,8.994,8.012,0,0,
510,3.002951611,3.002951611,120,309.3849851,2.462222222,18,250,530.9738,2.849856266,9.017718378,0,0,7.81,7.615,0,0,0
512,2.924162851,2.924162851,120,292.2722792,2.338888889,18,252,543.5938,3.088417225,8.550728379,0,0,7.405,7.707,0,0,
514,3.147845169,3.147845169,120,212.5752325,3.053333333,6,188,454.1656,3.547730903,9.908929208,1.674,3.15,8.581,3.191,0,1.5516,3.7757
519,4.356287451,8.872839312,104.2105167,1661.243056,2.008571429,14,716,1735.272,1.734536639,38.65263855,1.08,1.649,37.47,1.797,0,0.9631,1.8035
520,3.573632144,3.573632144,120,286.7617191,2.48,6,220,518.428,3.002039289,12.7708467,1.688,2.488,11.06,3.656,0,1.5114,2.9901
521,3.748260201,3.748260201,120,319.2006644,2.46,6,292,706.008,3.672780154,14.04945453,1.167,1.636,12.167,3.674,0,0.857,1.8179
523,3.780400469,3.780400469,120,325.1047239,2.706666667,6,228,521.756,2.664975799,14.29142771,1.045,2.542,12.377,3.303,0,0.9986,2.6115
525,3.740951636,3.740951636,120,329.80295,2.403333333,6,166,371.78,1.871891122,13.99471914,0,0,12.12,3.616,0,0,0
527,3.694467003,3.694467003,120,330.5696061,2.426666667,6,182,409.527824,2.057167199,13.64908644,0.157,0.757,11.82,3.37,1,0,0
530,3.518158385,3.518158385,120,294.3136618,2.56,6,110,231.723824,1.307402654,12.37743842,0.107,0.736,10.719,3.405,1,0,0
536,3.978743379,3.978743379,120,391.2672408,2.226666667,6,254,597.529704,2.535917433,15.83039888,0.106,0.573,13.71,3.917,1,0,0
537,3.072473501,3.072473501,120,282.4158537,2.415714286,14,136,283.51876,1.667023897,9.440093414,0,0,8.175,3.608,0,0,0
540,3.945378834,3.945378834,120,362.1574053,2.153333333,6,178,405.751824,1.860425177,15.56601414,0.56,1.49,13.481,3.198,1,1.7364,3.2435
541,3.009419739,3.009419739,120,267.6805153,2.441428571,14,140,295.81676,1.835080472,9.056607165,0,0,7.843,3.516,0,0,0
543,3.304802442,3.305135941,119.9894269,254.4616689,2.353333333,6,92,184.431,1.203540328,10.92282133,1.383,2.216,9.46,3.706,0,1.479,2.8374
547,4.000000334,4.000000334,90,535.1696837,2.371428571,14,382,861.1856,2.672110129,16.00000267,0,0,16,4.42,0,0,0
550,4.575838343,4.575838343,120,514.6798161,2.426666667,6,312,745.03788,2.40375563,20.93829654,1.837,2.49,18.133,3.117,0,2.0624,3.238
556,3.059664751,3.059664751,120,278.1684423,2.485714286,14,138,287.51076,1.716308453,9.361548389,0,0,8.107,3.92,0,0,0
558,3.219508068,3.219508068,120,224.7356632,2.946666667,6,132,301.4176,2.227130723,10.3652322,2.683,4.204,8.977,3.254,0,2.2848,4.4761
560,3.695956041,3.695956041,120,318.3482986,2.373333333,6,164,365.68,1.907426327,13.66009106,1.587,2.361,11.83,3.612,0,1.7392,3.0958
566,3.864841016,3.864841016,120,354.0332241,2.353333333,6,236,553.26,2.594982,14.93699608,0.762,1.333,12.936,3.631,0,0.9311,1.929
572,4.122271548,4.122271548,120,413.90693,2.053333333,6,308,747.82,3.0001535,16.99312272,0,0,14.716,3.715,0,0,0
576,4.611978288,4.611978288,120,502.2004483,2.29,6,216,494.856,1.636254454,21.27034373,4.929,6.062,18.421,2.614,0,4.7964,7.4094
578,3.570694402,3.570694402,120,590.9227301,2.195714286,14,232,476.1361544,1.337979816,12.74985851,0.848,2.579,11.179,3.169,0,0.7705,
585,4.838915918,4.838915918,120,571.487267,2.09,6,288,682.85788,1.984142521,23.41510726,3.418,4.355,18.61,3.203,0,4.2547,6.5987
587,4.462777731,4.462777731,120,458.5452274,2.423333333,6,144,317.052,1.148146793,19.91638508,5.738,7.047,17.248,2.542,0,5.4798,8.299
598,3.340923605,3.340923605,120,263.5360187,2.22,6,210,490.15576,3.088468863,11.16177053,0,0,9.666,4.299,0,0,
602,3.502904119,3.502904119,120,293.379302,2.2,6,282,677.73576,3.836012625,12.27033727,0,0,10.626,4.278,0,0,
607,3.919497893,3.919497893,120,732.7721561,2.104285714,14,348,788.2161544,1.78618102,15.36246373,1.064,1.984,13.304,2.983,0,1.1112,
609,3.691379273,3.691379273,120,334.2769994,1.9,6,354,872.29576,4.333176346,13.62628094,0,0,11.801,4.495,0,0,
612,3.34923009,3.34923009,120,279.6732868,1.86,6,376,931.6556,5.531634924,11.2173422,0,0,9.715,5.403,0,0,
614,3.472043853,3.472043853,120,289.9756788,2.486666667,6,184,415.35,2.378492238,12.05508852,0.758,1.166,10.44,3.665,0,0.7475,
617,4.336260735,4.336260735,120,940.895589,1.998571429,14,798,1966.59769,3.470748859,18.80315716,0.11,0.656,16.284,3.529,1,0,
620,3.279027792,3.279027792,120,254.6091168,2.62,6,112,237.546,1.549254866,10.75202326,0.903,1.395,9.312,3.748,0,0.8898,
621,3.768923761,3.768923761,120,347.6149982,2.286666667,6,256,603.35188,2.88218107,14.20478632,0.596,0.828,12.302,4.024,0,0.8371,
625,3.495285892,3.495285892,120,290.7395247,2.213333333,6,180,411.574,2.350676973,12.21702347,0.522,1.46,10.58,3.98,0,0.4145,
632,3.744247023,3.744247023,120,339.3248258,1.913333333,6,252,606.134,2.966211459,14.01938577,0,0,12.141,4.1,0,0,
633,4.367990393,4.367990393,120,485.2298352,2.313333333,6,374,916.38448,3.13602363,19.07934007,0,0,16.523,3.357,0,0,
638,3.659792787,3.659792787,120,304.8434321,2.65,6,114,243.695,1.327452145,13.39408324,1.354,3.894,11.6,3.055,1,0,
640,5.896130828,5.896130829,90,927.3114101,2.491428571,14,672,1611.426276,2.88558542,34.76435875,0.592,1.247,34.764,2.951,0,0.9511,
642,3.66599199,3.665662094,120.0029771,626.1192803,2.264285714,14,308,652.7988,1.731296167,13.43828787,0.17,1.961,11.638,3.109,1,0,
644,4.389930654,4.389930654,120,974.8397859,2.118571429,14,784,1922.24,3.274337652,19.27149115,0.302,0.704,16.69,3.584,0,0.5363,
648,4.670572228,5.853687316,113.5121013,991.0054731,2.877142857,14,212,446.3092,0.747840332,27.34006941,2.053,3.842,25.07,1.067,0,1.8381,
653,6.236205362,6.236205445,90,1046.273061,2.088571429,14,752,1819.9528,2.888445508,38.89025783,0.587,13.18,38.89,3.042,0,0.942,
656,6.828513885,6.877687181,90,1218.849569,3.028571429,14,528,1283.541476,1.748674176,46.96438241,2.962,4.436,46.964,1.478,0,2.5646,
658,3.598359715,3.598359715,120,314.0639706,1.943333333,6,254,612.283,3.237301749,12.94819264,0.212,0.854,11.213,4.309,1,0,
662,2.834121831,2.834121831,120,180.5014637,3.08,6,180,431.6776,3.97125599,8.032246553,1.34,2.097,6.956,4.252,0,1.2409,
665,3.18594595,3.18594595,120,239.8998122,2.506666667,6,212,495.94,3.432798622,10.1502516,1.534,2.055,8.79,4.645,0,1.6664,
666,3.319006624,3.319006624,120,264.4202715,2.486666667,6,284,683.52,4.292453285,11.01580497,1.238,1.73,9.54,4.689,0,1.5277,
669,3.550076222,3.550076222,120,308.3126669,2.186666667,6,356,878.08,4.729245018,12.60304118,0.727,1.141,10.915,4.833,0,1.3449,
673,3.866502534,3.866502534,120,367.3804207,2.38,6,218,497.4277,2.248345535,14.94984185,0.344,0.901,12.947,3.476,1,0,
676,3.729912358,3.729912358,120,334.8791578,2.513333333,6,146,319.6237,1.584893022,13.9122462,0.374,0.999,12.048,3.476,1,0,
679,4.104663042,4.104663042,120,423.2836302,2.18,6,290,685.42958,2.688936008,16.84825869,0.142,0.544,14.591,3.811,1,0,
685,3.918152203,3.918210988,120.0004963,729.3834133,2.218571429,14,384,846.61,1.927421098,15.35214701,0.019,0.87,13.295,3.183,0,0.5118,
691,3.757087524,3.757087524,90,495.7879506,2.06,16,518,1148.514957,3.846713001,14.11570666,0,0,14.116,4.84,0,0,
693,3.598874994,3.598874994,120,296.9039189,2.656666667,6,128,272.63,1.52477868,12.95190122,4.453,5.929,11.217,2.984,0,4.4264,
695,3.786113661,3.786113661,90,502.81175,2.085,16,554,1233.99788,4.075286004,14.33465665,0,0,14.335,4.818,0,0,
700,4.225534626,4.22553438,90,498.5148033,2.323333333,6,272,638.43588,2.126612316,17.85514184,2.431,3.419,17.855,2.619,0,2.4973,
705,3.392703018,3.392703018,120,290.5331179,1.79,6,412,1018.3696,5.820481042,11.51043377,0,0,9.968,5.793,0,0,
707,3.562289363,3.562289363,120,311.0632072,2.416666667,6,220,502.064,2.680152672,12.68990551,0.828,1.276,10.99,3.869,0,1.2773,
711,3.410114698,3.410114698,120,280.2894364,2.55,6,148,324.26,1.92103707,11.62888225,0.981,1.5,10.071,3.919,0,0.9456,
712,3.829061484,3.829061484,120,365.13424,2.216666667,6,292,690.06588,3.138246778,14.66171185,0.687,1.038,12.697,4.204,0,1.1368,
718,3.682271804,3.682271804,120,314.5017123,2.163333333,6,144,310.708,1.640508627,13.55912564,1.159,2.167,11.743,3.7,0,1.2448,
721,3.794837882,3.794837882,120,340.616372,2.143333333,6,216,498.288,2.429204109,14.40079455,0.337,1.202,12.471,3.819,0,0.5266,
723,3.968095018,3.968095018,120,384.4071288,1.843333333,6,288,692.848,2.992923609,15.74577807,0,0,13.636,4.027,0,0,
731,7.086347398,7.086974342,119.9970737,1160.383666,2.613333333,18,758,1762.7348,2.522519134,50.22076219,0.562,0,43.494,2.859,1,0,
738,6.806883957,6.825276297,119.9108987,1065.843124,2.746666667,18,542,1229.3228,1.915233574,46.45886373,0.778,0,40.271,2.796,1,0,
745,7.452504936,7.462007776,119.957882,1297.918771,2.413333333,18,974,2326.74044,2.976799076,55.61064978,0.169,1.376,48.181,3.341,1,0,
762,6.425907893,6.433274921,119.9621262,950.9120297,2.74,18,470,1052.034,1.837124257,41.33963209,0.467,0,35.815,2.872,1,0,
766,3.437380137,6.429970815,90,641.7332881,2.406666667,12,568,1353.192,3.501498554,22.10225396,0.84,1.334,22.114,3.855,0,0.8363,
769,3.278754849,6.161046168,90,576.0425162,2.54,12,424,997.584,2.875703021,20.20056,0.852,1.475,20.199,3.914,0,0.8505,
774,3.716223601,6.828943077,90,749.0417132,2.206666667,12,712,1729.19576,3.833427515,25.37787943,0.627,1.014,25.378,4.215,0,0.7817,
786,7.249177752,7.249177752,119.9707642,1229.138737,2.406666667,18,902,2149.45164,2.903861307,52.55057808,0.18,1.592,45.524,3.358,1,0.0009,
791,2.935128805,5.018202476,90,382.1594317,3.013333333,12,232,511.7552,2.223651784,14.72907064,0,0,14.729,3.846,0,0,
795,3.284592818,5.962669817,90,552.2371506,2.42,12,440,1015.44,3.053358123,19.58494246,0.041,0.108,19.585,4.449,0,0.1916,
797,4.979311504,5.35339383,90.00126039,1134.016517,3.51,20,236,507.7404512,0.743483752,26.65621548,0.597,3.112,26.656,1.28,1,0.1583,
803,6.746772589,6.746693661,119.9977781,1701.014466,2.363,20,728,1705.112248,1.664539342,45.51840786,1.101,1.979,39.421,1.996,0,1.3097,
814,6.451779096,6.451779096,120.0127067,1545.928647,2.342,20,624,1426.597448,1.532361018,41.6254535,0.91,1.694,36.044,2.023,0,0.836,
818,3.808288267,6.568524898,90,727.0957986,2.306666667,12,588,1386.86128,3.167309369,25.0148363,0,0,25.015,4.158,0,0,
820,6.580011302,6.579759183,120.0012577,1615.589035,2.339,20,660,1516.787448,1.558988554,43.29488979,0.863,1.707,37.494,2.019,0,0.7591,
828,3.165393779,4.737000419,90,378.4417524,3.026666667,12,368,888.9152,3.900411112,14.99447166,0.169,1.005,14.994,3.91,0,0.3649,
836,6.525955632,6.526021645,120.0003346,1587.762458,2.297,20,604,1377.063272,1.440182282,42.58852771,1.634,2.775,36.883,2.021,0,1.7054,
848,6.379877939,6.379463024,118.9612376,1532.144225,2.324,20,608,1389.034448,1.505436582,40.70019541,0.35,1.798,35.611,2.051,1,0.1383,
849,5.483318544,5.582680189,90,722.6985486,2.453333333,12,312,682.2,1.567485853,30.61161381,1.12,2.015,30.612,2.605,0,1.0602,
860,6.139179123,6.428199954,90,957.8726328,2.133333333,12,600,1446.48,2.507574042,39.46387096,1.212,1.743,39.464,2.763,0,0.6664,
861,5.47178924,5.560271077,90,718.2998168,2.48,12,440,1036.856,2.396965521,30.42463145,1.802,2.787,30.425,2.791,0,1.755,
863,6.642418823,6.643404037,119.9995155,1648.760337,2.36,20,692,1616.467848,1.628015881,44.12827202,1.009,2.06,38.216,2.01,0,1.18,
866,6.167028287,6.166672277,119.9927916,1412.390042,2.354,20,408,865.403048,1.017449519,38.03004237,1.546,2.828,32.937,1.989,0,1.4695,
869,3.085762689,4.791091027,90,373.3783562,3.026666667,12,240,532.2752,2.367206746,14.78416993,0.045,0.693,14.784,3.655,0,0.1198,
874,3.454621362,5.566656775,90,522.535095,2.453333333,12,304,660.8,2.099924437,19.23069141,0.725,1.583,19.231,3.932,0,0.7591,
877,6.50287812,6.501443228,120.0134536,1575.35629,2.336,20,624,1428.143048,1.5053657,42.27809292,0.908,2.051,36.609,2.021,0,0.7978,
883,3.814720528,6.143961772,90,650.6291629,2.133333333,12,592,1425.08,3.637096442,23.43749709,0.642,1.071,23.437,4.356,0,0.4401,
884,6.905389925,6.905907697,119.9943647,1779.313929,1.962,20,732,1751.468154,1.634552086,47.68798543,1.115,1.673,41.301,2.094,0,1.3476,
890,3.249582563,5.913353261,90,532.5249993,2.62,12,224,475.092,1.481449373,19.21592965,0.325,0.997,19.213,3.664,0,0.4096,
891,4.656954393,5.657085895,94.40421149,1161.879213,2.91,20,432,978.7192,1.398769724,26.34479101,3.974,5.103,26.267,1.701,0,3.9209,
893,3.749816318,6.672074484,90,712.5615195,2.286666667,12,512,1206.70376,2.812078228,25.01905378,0.155,0.423,25.019,4.018,0,0.2016,
903,2.998756817,5.185807889,90,387.4414574,2.806666667,12,152,319.4632,1.3691904,15.55097676,2.855,5.342,15.563,3.128,0,1.3097,
913,2.946863309,5.047424557,90,387.3753252,3.08,12,360,863.3552,3.700894055,14.87407023,0,0,14.874,3.96,0,0.8224,
916,3.200720952,5.725439486,90,506.6008985,2.506666667,12,424,991.88,3.251189436,18.32553412,0,0,18.326,4.472,0,0.8202,
918,3.49157123,6.313538242,90,637.386999,2.186666667,12,712,1756.16,4.575198885,22.04416849,0,0.044,22.044,4.751,0,0,
924,3.494490158,6.498745023,90,656.2017368,2.416666667,12,440,1004.128,2.540977383,22.70980052,0.591,1.14,22.712,3.766,0,0.7621,
930,3.334222756,6.227726446,90,589.4116274,2.55,12,296,648.52,1.827064051,20.76462723,0.596,1.161,20.766,3.823,0,0.3537,
931,3.773016035,6.91083917,90,766.6397013,2.216666667,12,584,1380.13176,2.989360844,26.074707,0.429,0.889,26.052,4.111,0,0.6663,
939,6.407259325,6.514737058,118.9513463,898.8149927,2.353333333,24,856,2002.696,3.69993266,41.74160976,1.272,1.854,36.525,4.29,0,1.6695,
952,6.894481536,6.894612961,119.9978219,1767.09697,1.994,20,848,2029.7444,1.907348566,47.53478176,0.125,0.874,41.167,2.144,1,0.3448,
956,6.397474259,6.397750326,119.9985726,974.9086014,2.3,20,564,1279.399448,2.179171219,40.92944303,0.431,0.824,35.446,3.681,1,0.0224,
963,6.819262496,6.819616947,120.005051,1727.860203,1.972,20,776,1851.5264,1.779386964,46.50475808,0.272,1.021,40.272,2.144,1,0,
980,3.443083203,3.443106031,119.9997807,488.2459291,2.318,10,164,345.657048,1.17559,11.85490054,0.883,1.907,10.267,2.683,0,0.9208,
982,3.26764312,3.26764312,120,288.5725244,2.622,10,336,813.9750128,4.683873874,10.67749156,0,0,9.247,4.754,0,0,
984,3.266733145,3.266733145,120,283.087791,2.646,10,132,279.8386608,1.641480288,10.67154544,1.02,2.067,9.242,3.807,0,1.0389,
985,3.048233768,3.048233768,120,246.1355084,2.718,10,136,291.4830128,1.966473399,9.291729104,0,0,8.047,4.525,0,0,
989,3.813076926,6.251952474,90,1199.481658,2.266,20,512,1122.944,1.554581823,23.83917572,1.981,2.831,23.839,2.686,0,1.8912,
992,2.98622195,2.98622195,120,233.4475993,2.754,10,140,303.7810128,2.160828558,8.917521535,0,0,7.723,4.581,0,0,
993,3.286826707,3.286826707,120,292.3929919,2.634,10,208,464.9110128,2.640292075,10.8032298,0,0,9.356,4.698,0,0,
997,3.277080587,3.277080587,120,281.4115345,2.406,10,332,801.979,4.732277455,10.73925717,0.938,1.681,9.3,4.979,0,0.91,
1002,3.127241176,3.127241176,120,256.2743289,2.526,10,208,459.64452,2.9782838,9.779637373,0,0,8.469,5.545,0,0,
1003,3.274862388,3.276172353,119.9867741,290.8110814,2.182,10,240,523.90692,2.99152255,10.72901362,0,0,9.293,6.369,0,0,
1006,6.44897468,7.081937099,117.0849779,1136.180542,2.228,20,756,1785.375048,2.609343238,45.67123304,0.469,1.099,40.663,3.609,0,0,
1010,3.13312838,3.13312838,120,257.6671885,2.486,10,336,811.81052,5.231721938,9.816493446,0,0,8.501,5.65,0,0,
1012,3.032135441,3.032135441,120,237.7920887,2.502,10,132,279.487,1.951701104,9.193845333,0.325,1.295,7.962,4.799,0,0.3077,
1015,2.906522062,2.906522062,120,218.358898,2.538,10,136,291.785,2.218917552,8.447870497,0,0,7.316,5.113,0,0,
1019,3.30031502,3.30031502,120,285.1913117,2.418,10,204,452.915,2.637117684,10.89207923,0.95,1.729,9.433,4.867,0,0.7777,
1031,6.566939,6.568571404,119.9917795,1043.394947,2.342,20,448,967.947048,1.54046547,43.13540773,0.839,1.395,37.359,3.444,0,1.0243,
1042,7.142830922,7.14283728,119.990379,1926.271528,1.996,20,876,2102.814,1.812727201,51.02007899,0.682,1.183,44.189,2.08,0,0.7701,
1044,4.152870149,4.152870149,91.07477631,503.6953239,2.312,10,228,533.47176,1.758703439,17.24633047,2.352,3.319,17.243,2.257,0,1.9151,
1049,6.089940361,6.09125516,120.0123428,1365.405674,2.296,20,352,728.427228,0.885877284,37.09538065,0.108,0,32.122,2.013,0,0.2437,
1050,3.185113797,3.185113797,119.9967092,254.8025851,2.518,10,60,116.63936,0.760134415,10.1449499,3.352,5.028,8.786,1.4,0,3.3562,
1057,6.393184354,6.393184354,120,1514.482613,2.278,20,568,1291.167228,1.415687182,40.87280618,0.1,0,35.397,2.053,1,0,
1059,3.182795475,3.182795475,120,269.1116885,2.744,10,134,283.8306608,1.751361686,10.13018704,0,0,8.773,4.114,0,0,
1060,3.047491518,3.047491518,120,244.3754901,2.816,10,138,295.4750128,2.007761915,9.287204552,0,0,8.043,4.571,0,0,
1066,3.44578903,3.44578903,120,322.0209835,2.688,10,206,459.6304128,2.37013827,11.87346204,0,0,10.283,4.254,0,0,
1067,3.274466869,3.274466869,120,288.4773388,2.732,10,210,468.9030128,2.699108964,10.72213328,0,0,9.286,4.764,0,0,
1078,6.355094408,6.356766733,119.9912978,967.6409146,2.408,20,652,1497.095048,2.56911916,40.39785272,0,0,34.989,3.826,0,0.1396,
1083,6.395820622,6.395579412,120.0012476,973.4545251,2.258,20,336,688.498696,1.17445546,40.90497869,0.827,1.762,35.424,3.444,0,0.7288,
1097,6.685385859,6.685291146,120.0004687,1069.177569,2.24,20,552,1251.238696,1.943298098,44.69375089,0.684,1.214,38.706,3.544,0,0.6138,
1108,6.349099704,6.35030401,119.9937268,970.7899388,2.298,20,588,1333.051048,2.280187767,40.31871331,1.307,2.222,34.919,3.676,0,1.2848,
1113,3.177776524,3.177502885,120.0028488,251.6186757,2.638,10,92,185.41616,1.223640401,10.09739407,1.078,3.272,8.744,1.511,1,0,
1123,4.131860025,4.131860025,119.9940471,517.7608496,2.344,10,500,1215.8916,3.899552282,17.07226727,0.354,0.857,14.786,4.707,0,0.8452,
1126,4.285038577,4.285036163,120.0000186,560.5245274,2.164,10,572,1410.4516,4.178425508,18.36154526,0.158,0.584,15.902,4.741,0,0.879,
1128,6.250060328,6.931692161,116.7970909,1068.25034,2.252,20,412,873.571048,1.357920329,43.32349418,0.759,1.498,38.671,3.409,0,1.1191,
1129,4.102310577,4.102310577,119.9934082,509.5919357,2.35,10,464,1122.1016,3.656442367,16.82895207,0.412,0.972,14.575,4.744,0,1.0642,
1130,4.335357416,4.335435256,119.9994061,576.7554113,2.158,10,608,1504.2416,4.330868673,18.79566139,0.121,0.518,16.278,4.784,0,0.6037,
1133,6.476046833,7.11897615,117.0548958,1144.975221,2.234,20,628,1436.311048,2.08305871,46.10282295,0.394,1.074,41.058,3.577,0,0.7946,
1136,4.226580169,4.226580169,119.9946084,545.3705306,2.17,10,480,1155.36,3.517829271,17.86397992,0.4,0.776,15.472,4.78,0,0.5106,
1143,4.14751389,4.14751389,119.9782279,526.2534386,2.26,10,444,1058.08,3.338663554,17.20187147,0.573,1.022,14.901,4.865,0,0.7099,
1148,6.632317586,6.632627306,119.2385134,1693.618599,2.536,20,572,1267.37752,1.242623272,43.98969072,1.556,2.465,38.385,1.851,0,1.1578,
1150,4.071461932,6.61985441,90,1182.703205,3.014,20,416,933.5128,1.31067073,26.95248523,1.12,2.663,26.952,1.51,0,2.7313,
1153,5.371934475,5.371934475,120.0111112,1187.264618,2.798,20,624,1496.566,2.093135996,28.85768,2.828,4.173,24.989,1.648,0,1.11,
1155,6.76493052,6.796819379,119.8449736,1783.438871,2.524,20,716,1642.53752,1.529347467,45.98001086,1.096,1.866,39.882,1.885,0,2.1644,
1161,6.355004664,6.427956258,119.6252792,1567.579414,2.616,20,428,911.76952,0.965838729,40.849692,1.61,2.526,35.51,1.87,0,0.6834,
1164,4.157879908,7.04664681,90,1449.902578,2.4025,16,640,1514.196,1.734172799,29.29911119,0.833,2.303,29.299,1.565,0,0.4102,
1171,3.919697115,7.735877611,89.9995921,1363.927018,3.112,20,496,1146.9792,1.396411792,30.32229715,2.187,3.613,30.322,1.748,0,3.5126,
1172,3.62098153,3.620982467,90,370.1440309,2.206666667,12,48,95.79336,0.429747891,13.11151063,3.935,5.612,13.112,0.878,0,0,
1173,4.536794679,4.541794283,90,604.7800165,1.92,12,80,160.05576,0.439463665,20.60518814,3.969,5.028,20.605,1.342,0,0,
1174,3.731735658,3.731735658,90,402.3464447,1.68,12,252,563.18318,2.324334375,13.92585102,0,0,13.926,3.266,0,0,
1175,3.797325508,11.86501917,90,2048.329198,2.332,20,716,1658.08818,1.344178564,45.05533995,0.265,1.366,45.055,1.622,1,0,
1176,3.625670198,3.625670198,90,380.2904425,1.683333333,12,180,387.391828,1.691547282,13.14548438,0,0,13.145,3.154,0,0,
1184,3.717415777,3.717415777,120,342.7644886,2.573333333,6,168,373.7812,1.810801018,13.81918006,1.387,2.037,11.968,3.096,0,0.9737,
1187,3.917641781,11.4144093,90,2045.556631,2.272,20,788,1846.09006,1.498616376,44.71756678,0.054,0.701,44.718,1.756,1,0.3033,
1201,3.982340982,3.982340982,120,395.6675758,2.413333333,6,240,564.8512,2.370569492,15.8590397,1.237,1.839,13.734,3.16,0,0.6587,
1210,3.650384871,3.650384871,120,329.0956937,2.64,6,132,284.8792,1.437433093,13.32530971,1.535,2.258,11.54,3.073,0,1.1667,
1217,3.756362166,3.756362166,120,349.3293004,2.63,6,168,378.6692,1.800006467,14.11025672,1.373,2.06,12.22,3.078,0,0.6899,
1224,3.929547981,3.929547981,120,383.1369828,2.48,6,204,475.9492,2.06279288,15.44134733,1.479,2.147,13.373,3.124,0,0.5045,
1230,3.843696739,3.843696739,120,367.7225825,2.473333333,6,204,467.78214,2.112381874,14.77400462,1.336,1.95,12.795,3.315,0,1.3335,
1236,3.934236431,3.934236431,120,386.7143195,2.463333333,6,240,561.57214,2.411373022,15.4782163,1.151,1.685,13.405,3.326,0,1.39,
1238,4.087693686,4.087693686,120,419.1242378,2.313333333,6,276,658.85214,2.61032319,16.70923967,0.982,1.502,14.471,3.369,0,1.2734,
1251,4.107282544,4.107282544,120,421.516502,2.52,6,268,641.8988,2.528721958,16.8697699,0.891,1.6,14.61,3.065,0,1.6967,
1263,4.343247071,4.343247071,120,474.8171043,2.36,6,340,832.9688,2.913073731,18.86379512,0.591,1.159,16.337,3.12,0,1.0894,
1280,4.068235126,4.068235126,120,411.1671284,2.586666667,6,232,552.9968,2.233332206,16.55053704,1.002,1.745,14.333,3.01,0,1.6376,
1288,4.146042106,4.146042106,120,428.5274344,2.576666667,6,268,646.7868,2.506291693,17.18966514,0.851,1.509,14.887,3.038,0,1.2319,
1308,4.193010731,4.193010731,120,441.7826802,2.42,6,304,735.89974,2.766043854,17.58133899,0.777,1.474,15.226,3.283,0,1.9193,
1320,4.272419363,4.272419363,120,460.6742743,2.41,6,340,829.68974,2.990686269,18.25356721,0.607,1.216,15.808,3.302,0,1.4771,
1326,4.421906786,4.421906786,120,495.7011909,2.26,6,376,926.96974,3.105236572,19.55325962,0.412,0.929,16.934,3.325,0,1.253,
1340,3.429983148,3.429983148,120,283.3027668,2.473333333,6,248,587.694,3.444685194,11.7647844,0.832,1.361,10.189,4.077,0,0.6734,
1345,3.379437001,3.379437001,120,272.0871631,2.553333333,6,148,326.448,1.992301478,11.42059444,0.83,1.297,9.891,3.71,0,0.5288,
1349,3.749080778,3.749080778,120,344.2531108,2.583333333,6,150,332.597,1.604314659,14.05560668,1.289,3.751,12.173,2.78,1,0,
1361,3.488192171,3.488192171,120,292.5601294,2.483333333,6,184,413.162,2.345061998,12.16748462,0.912,1.397,10.537,3.955,0,0.647,
1365,3.643676064,3.643676064,120,322.2388487,2.306666667,6,320,770.59694,3.970987138,13.27637526,0.713,1.157,11.498,4.29,0,1.1085,
1372,3.632776763,3.632776763,120,316.9901764,2.386666667,6,220,509.35094,2.668212448,13.19706701,0.679,1.037,11.429,3.908,0,0.6178,
1380,3.98848359,3.98848359,120,392.882415,2.416666667,6,222,515.49994,2.178788759,15.90800135,1.188,3.5,13.777,3,1,0,
1385,3.702825866,3.702825866,120,332.4028046,2.316666667,6,256,596.06494,2.977679808,13.71091939,0.774,1.174,11.874,4.163,0,1.0026,
1400,3.988558803,3.988558803,120,396.9667649,2.53,6,204,467.458,1.955408713,15.90860132,1.217,1.838,13.777,3.089,0,1.3666,
1409,4.07594273,4.07594273,120,416.0534307,2.52,6,240,561.248,2.24003496,16.61330914,1.069,1.649,14.388,3.108,0,0.9318,
1418,4.235230973,4.235230973,120,450.6341791,2.37,6,276,658.528,2.426605707,17.93718139,1.052,1.615,15.534,3.14,0,1.1355,
1429,3.577699017,3.577699017,120,309.2958093,2.373333333,6,284,681.69494,3.659865558,12.79993026,0.814,1.295,11.085,4.289,0,0.981,
1438,3.551967322,3.551967322,120,301.7695426,2.453333333,6,184,420.44894,2.313592964,12.61647186,0.745,1.187,10.926,3.921,0,0.2722,
1443,3.901256022,3.901256022,120,374.3850812,2.483333333,6,186,426.59794,1.892122792,15.21979855,1.1,3.537,13.171,2.992,1,0,
1452,3.636030951,3.636030951,120,319.060298,2.383333333,6,220,507.16294,2.639513222,13.22072108,0.877,1.317,11.449,4.162,0,0.8187,
1457,4.032085367,4.032085367,120,404.7587003,2.586666667,6,204,472.346,1.937818718,16.25771241,1.172,1.804,14.08,3.059,0,0.7549,
1464,4.194510937,4.194510937,120,439.1287756,2.436666667,6,240,569.626,2.154006476,17.593922,1.255,1.866,15.237,3.089,0,0.6786,
1468,3.12900475,3.12900475,120,231.3148293,2.263333333,6,148,326.0422,2.340558157,9.790670726,0.782,1.241,8.479,4.296,0,0.211,
1471,3.271502168,3.271502168,120,254.044284,2.113333333,6,184,423.3222,2.767009908,10.70272644,0.261,0.82,9.269,4.436,0,0.2627,
1480,3.711404261,3.711404261,120,340.2308667,2.143333333,6,244,579.03,2.826027941,13.77452159,0.684,1.512,11.929,3.526,0,0.8849,
1498,3.806618674,3.806618674,120,360.1302454,1.993333333,6,280,676.31,3.118425043,14.49034573,0,0.207,12.549,3.665,0,0,
1508,3.87179161,3.87179161,120,374.3688524,1.983333333,6,316,770.1,3.415832079,14.99077027,0,0.186,12.982,3.725,0,0,
1519,4.083315508,4.083315508,120,418.0403595,2.43,6,240,561.45894,2.230226061,16.67346554,1.219,1.782,14.44,3.308,0,1.3619,
1531,4.167840471,4.167840471,120,437.4200425,2.42,6,276,655.24894,2.487463667,17.37089419,1.012,1.529,15.044,3.322,0,1.3335,
1548,4.318180238,4.318180238,120,471.6215048,2.27,6,312,752.52894,2.649590171,18.64668057,0.838,1.322,16.148,3.349,0,1.1833,
1551,2.998444,2.999167714,119.992018,210.3749469,2.726666667,6,132,288.0088,2.273321377,8.992836437,1.06,1.831,7.789,4.272,0,0.0892,
1555,3.06633664,3.066683614,119.9962573,220.8150254,2.716666667,6,168,381.7988,2.871144397,9.403484329,0.752,1.512,8.144,4.358,0,0,
1559,3.250850215,3.250850215,120,251.3643658,2.43,6,184,413.93,2.734464504,10.56802712,1.453,1.949,9.152,4.568,0,0.9581,
1565,3.363003988,3.363003988,120,270.3882952,2.28,6,220,511.21,3.139500457,11.30979582,0.992,1.585,9.795,4.729,0,0.1397,
1578,3.433866879,3.433866879,120,293.0426271,2.243333333,6,182,407.86276,2.311172451,11.79144174,0,0,10.212,3.922,0,0,
1585,3.578939952,3.578939952,120,321.7160167,2.083333333,6,254,598.93276,3.091394878,12.80881118,0,0,11.093,4.171,0,0,
1589,3.004447685,3.004803288,119.9960853,211.376499,2.793333333,6,196,463.8088,3.643605772,9.027774283,1.503,2.257,7.819,4.393,0,0.2822,
1591,3.068312982,3.068525051,119.9977139,221.3089494,2.783333333,6,232,557.5988,4.183809979,9.41519525,1.244,2.004,8.154,4.479,0,0.0688,
1599,3.442521373,3.442521373,120,294.3680099,2.21,6,246,583.94576,3.294056129,11.8509534,0,0,10.263,3.953,0,0,
